{
    "ambientocclusion": false,
    "textures": {
        "particle": "#cross"
    },
    "elements": [
        {   "from": [ 0.8, 0, 7.999 ],
            "to": [ 15.2, 16, 8.001 ],
            "rotation": { "origin": [ 8, 8, 8 ], "axis": "y", "angle": 45, "rescale": true },
            "shade": true,
            "faces": {
                "north": { "uv": [ 0, 0, 16, 16 ], "texture": "#cross" },
                "south": { "uv": [ 0, 0, 16, 16 ], "texture": "#cross" }
            }
        },
        {   "from": [ 7.999, 0, 0.8 ],
            "to": [ 8.001, 16, 15.2 ],
            "rotation": { "origin": [ 8, 8, 8 ], "axis": "y", "angle": 45, "rescale": true },
            "shade": true,
            "faces": {
                "west": { "uv": [ 0, 0, 16, 16 ], "texture": "#cross" },
                "east": { "uv": [ 0, 0, 16, 16 ], "texture": "#cross" }
            }
        }

    ],

    "display": {
        "head": {
            "rotation": [ 0, 0, 0 ],
            "translation": [ 0, -14.68, 0 ],
            "scale": [ 2.29, 2.29, 2.29 ]
        }
    }

}
