{"stats":{"minecraft:custom":{"minecraft:inspect_dropper":139,"minecraft:mob_kills":34,"minecraft:interact_with_anvil":2,"minecraft:inspect_hopper":555,"minecraft:interact_with_crafting_table":1,"minecraft:tune_noteblock":11,"minecraft:open_shulker_box":7,"minecraft:leave_game":4,"minecraft:time_since_death":743978,"minecraft:climb_one_cm":617,"minecraft:time_since_rest":743978,"minecraft:open_enderchest":1,"minecraft:sprint_one_cm":29151,"minecraft:walk_one_cm":104836,"minecraft:trigger_trapped_chest":7,"minecraft:drop":443,"minecraft:damage_dealt":529,"minecraft:fly_one_cm":1586283,"minecraft:open_chest":283,"minecraft:crouch_one_cm":5787,"minecraft:play_time":743978,"minecraft:sneak_time":47487,"minecraft:walk_under_water_one_cm":9862,"minecraft:jump":992,"minecraft:walk_on_water_one_cm":57462,"minecraft:total_world_time":896321,"minecraft:inspect_dispenser":65},"minecraft:dropped":{"minecraft:enchanted_book":3,"minecraft:gravel":131,"minecraft:soul_sand":76,"minecraft:blackstone":263,"minecraft:glow_ink_sac":8,"minecraft:iron_nugget":205,"minecraft:ender_pearl":66,"minecraft:nether_brick":41,"minecraft:obsidian":131,"minecraft:iron_boots":13,"minecraft:spectral_arrow":172,"minecraft:leather":96,"minecraft:white_shulker_box":1081,"minecraft:polished_blackstone_button":21,"minecraft:black_glazed_terracotta":1,"minecraft:packed_ice":5,"minecraft:yellow_shulker_box":12,"minecraft:potion":19,"minecraft:fire_charge":21,"minecraft:crying_obsidian":86,"minecraft:string":37,"minecraft:quartz":80,"minecraft:splash_potion":5,"minecraft:gold_ingot":8540},"minecraft:picked_up":{"minecraft:yellow_shulker_box":19,"minecraft:splash_potion":103,"minecraft:repeater":1,"minecraft:glow_ink_sac":80,"minecraft:leather":1442,"minecraft:packed_ice":15,"minecraft:enchanted_book":66,"minecraft:potion":227,"minecraft:nether_brick":2026,"minecraft:green_shulker_box":1,"minecraft:string":1287,"minecraft:lantern":3,"minecraft:sticky_piston":2,"minecraft:blackstone":5100,"minecraft:comparator":4,"minecraft:black_glazed_terracotta":1,"minecraft:redstone_torch":2,"minecraft:iron_nugget":2877,"minecraft:powered_rail":2,"minecraft:soul_sand":2028,"minecraft:iron_boots":116,"minecraft:acacia_fence":9,"minecraft:glow_item_frame":2,"minecraft:quartz":1771,"minecraft:gravel":5080,"minecraft:fire_charge":413,"minecraft:redstone":1,"minecraft:crying_obsidian":854,"minecraft:spectral_arrow":3870,"minecraft:polished_blackstone_button":3,"minecraft:gold_ingot":12270,"minecraft:white_shulker_box":4241,"minecraft:obsidian":434,"minecraft:ender_pearl":403},"minecraft:used":{"minecraft:quartz_bricks":3,"minecraft:end_rod":77,"minecraft:chiseled_polished_blackstone":57,"minecraft:damaged_anvil":1,"minecraft:water_bucket":67,"minecraft:tube_coral_fan":18,"minecraft:iron_bars":15,"minecraft:dropper":44,"minecraft:flint_and_steel":1,"minecraft:powered_rail":44,"minecraft:yellow_shulker_box":8,"minecraft:dispenser":7,"minecraft:redstone":102,"minecraft:blackstone":4,"minecraft:chest":154,"minecraft:tinted_glass":119,"minecraft:ender_chest":8,"minecraft:black_glazed_terracotta":65,"minecraft:composter":41,"minecraft:redstone_block":86,"minecraft:white_shulker_box":8,"minecraft:quartz_stairs":138,"minecraft:netherrack":1,"minecraft:polished_blackstone_bricks":215,"minecraft:soul_campfire":2,"minecraft:white_wool":7,"minecraft:glow_item_frame":13,"minecraft:dark_oak_trapdoor":18,"minecraft:soul_sand":14,"minecraft:anvil":1,"minecraft:comparator":48,"minecraft:vine":12,"minecraft:strider_spawn_egg":15,"minecraft:crafting_table":7,"minecraft:hopper":280,"minecraft:nether_bricks":7,"minecraft:shulker_box":1,"minecraft:note_block":23,"minecraft:obsidian":338,"minecraft:redstone_torch":23,"minecraft:polished_blackstone_slab":443,"minecraft:sticky_piston":83,"minecraft:piston":18,"minecraft:lever":12,"minecraft:packed_ice":103,"minecraft:honey_block":118,"minecraft:black_concrete":1,"minecraft:crying_obsidian":8,"minecraft:red_wool":25,"minecraft:quartz_slab":59,"minecraft:black_stained_glass_pane":30,"minecraft:lantern":38,"minecraft:string":25,"minecraft:slime_block":43,"minecraft:polished_blackstone_brick_stairs":64,"minecraft:iron_door":2,"minecraft:gravel":5,"minecraft:yellow_wool":5,"minecraft:fire_charge":36,"minecraft:repeater":57,"minecraft:redstone_lamp":3,"minecraft:magma_block":4,"minecraft:black_stained_glass":124,"minecraft:iron_trapdoor":4,"minecraft:soul_soil":61,"minecraft:repeating_command_block":4,"minecraft:white_stained_glass":664,"minecraft:trapped_chest":9,"minecraft:piglin_spawn_egg":235,"minecraft:chain":77,"minecraft:smooth_stone_slab":4,"minecraft:polished_blackstone_button":33,"minecraft:fire_coral_fan":5,"minecraft:white_concrete":63,"minecraft:zombified_piglin_spawn_egg":5,"minecraft:observer":211,"minecraft:turtle_egg":9,"minecraft:cobweb":3,"minecraft:soul_torch":9},"minecraft:killed":{"minecraft:piglin":1}},"DataVersion":2865}